"treatment_id","tau2_basedeltaNU","tau2_basegammaNU","tau2_baseetaNU","tau2_baserhoNU","tau2_basesigmaNU","tau2_deltaNU","tau2_gammaNU","tau2_etaNU","tau2_nuNU","tau2_rhoNU","tau2_sigmaNU","I2_basedeltaNU","I2_basegammaNU","I2_baseetaNU","I2_baserhoNU","I2_basesigmaNU","I2_deltaNU","I2_gammaNU","I2_etaNU","I2_nuNU","I2_rhoNU","I2_sigmaNU"
"Average (RE)",NA,16.7756100792349,58.7703442341518,0.138199616939435,12.891679426373,NA,38.1794784891371,104.03574902146,16.4896651829192,0.217530524122729,9.10898507242445,NA,87.3785259486183,89.7146129671544,89.5459462366567,99.7204111797379,NA,74.8544295708919,88.4357937310459,47.6670622134592,74.3809833879968,99.4832773598231
