"donation","Kw_m","PaperID","TreatmentCode"
10,0.107185929714136,"2012Laz164","3"
9,0.164371858439853,"2012Laz164","3"
8,0.23120602995307,"2012Laz164","3"
7,0.357939700535194,"2012Laz164","3"
6,0.508140707734841,"2012Laz164","3"
5,0.843919599176052,"2012Laz164","3"
4,0.159949752104342,"2012Laz164","3"
3,-0.164974877732483,"2012Laz164","3"
2,-0.440904527752843,"2012Laz164","3"
1,-0.637437188894904,"2012Laz164","3"
0,-0.815427136930389,"2012Laz164","3"
