"donation","Kw_m","PaperID","TreatmentCode"
5,0.0432608704204145,"2013Kru001","1b"
4,0.101304348396218,"2013Kru001","1b"
3,0.203043477690738,"2013Kru001","1b"
2,0.311086958517199,"2013Kru001","1b"
1,0.484565221097158,"2013Kru001","1b"
0,0.927173914468807,"2013Kru001","1b"
-1,-0.0866304360654043,"2013Kru001","1b"
-2,-0.382826091802638,"2013Kru001","1b"
-3,-0.665434787454812,"2013Kru001","1b"
-4,-0.825652175623438,"2013Kru001","1b"
-5,-0.898369565930056,"2013Kru001","1b"
