"donation","Kw_m","PaperID","TreatmentCode"
"0",-0.794486215538847,"2017Tho028",2
"2",-0.583959899749373,"2017Tho028",2
"4",-0.293233082706767,"2017Tho028",2
"6",0.117794486215539,"2017Tho028",2
"8",0.513784461152882,"2017Tho028",2
"10",0.929824561403509,"2017Tho028",2
"0",-0.748427672955975,"2017Tho028",1
"2",-0.534591194968553,"2017Tho028",1
"4",-0.29559748427673,"2017Tho028",1
"6",0.0440251572327044,"2017Tho028",1
"8",0.421383647798742,"2017Tho028",1
"10",0.924528301886792,"2017Tho028",1
