"donation","Kw_m","PaperID","TreatmentCode"
"0",-0.807017543859649,"2018Her061",9
"1",-0.578947368421053,"2018Her061",9
"2",-0.43859649122807,"2018Her061",9
"3",-0.0701754385964912,"2018Her061",9
"4",0.280701754385965,"2018Her061",9
"5",0.824561403508772,"2018Her061",9
"6",0.684210526315789,"2018Her061",9
"7",0.578947368421053,"2018Her061",9
"8",0.403508771929825,"2018Her061",9
"9",0.315789473684211,"2018Her061",9
"10",0.210526315789474,"2018Her061",9
