"donation","Kw_m","PaperID","TreatmentCode"
"0",-0.500775199147287,"2019Dro082","1a"
"0.1",-0.302325586666667,"2019Dro082","1a"
"0.25",-0.0930232572868217,"2019Dro082","1a"
"0.5",0.142635662093023,"2019Dro082","1a"
"1",0.437209310930233,"2019Dro082","1a"
"1.5",0.567441868992248,"2019Dro082","1a"
"2",0.725581398914729,"2019Dro082","1a"
