"donation","Kw_m","PaperID","TreatmentCode"
"0",0.3,"2019Tjo060",9
"200",0.55,"2019Tjo060",9
"400",0.65,"2019Tjo060",9
"600",0.583333333333333,"2019Tjo060",9
"800",0.283333333333333,"2019Tjo060",9
"0",0.586111111442248,"2019Tjo060",8
"200",0.563888889799515,"2019Tjo060",8
"400",0.652777778853973,"2019Tjo060",8
"600",0.430555555472771,"2019Tjo060",8
"800",0.127777777612209,"2019Tjo060",8
