"treatment_id","N_aic","CO_aic","A_aic","BA_aic","CP_aic","DA_aic","S_aic"
"2007Lis165_1b",161.071641097042,160.451240958979,160.429161065767,162.258794843629,159.798677788936,160.451240958979,160.429161065767
"2013Kru001_1b",213.284609198086,234.399282568797,240.947940825774,353.851226183738,235.222521135425,234.399282568797,240.947940825774
"Average",187.178125147564,197.425261763888,200.688550945771,258.055010513683,197.510599462181,197.425261763888,200.688550945771
