"treatment_id","N_aic","CO_aic","A_aic","BA_aic","CP_aic","DA_aic","S_aic"
"2007Lis165_1a",99.0343778717311,103.921103924949,103.209882838818,109.154278725174,101.946674284389,103.921103924949,103.209882838818
"2012Laz164_3",487.922983952709,515.585836220135,551.395009330126,768.651011887149,517.197102961632,515.585836220135,551.395009330126
"2013Kru001_1a",210.020516390517,213.451162774107,215.31008582041,287.812850508786,212.861386968594,213.451162774107,215.31008582041
"2016Kim003_7",289.305986980944,294.013189013138,329.68551846392,594.528828091694,299.943870920986,294.013189013138,329.685518463919
"2018Her061_9",119.228252493563,125.10173444957,127.550862388936,146.670692017377,125.116953288274,125.10173444957,127.550862388933
"2019Cha026_1",221.738159696733,248.207916552614,255.009352768994,381.766089519879,251.573423384082,248.207916552614,255.009352768994
"2020Bas115_2a",457.097815183024,488.767541449843,536.683124625115,785.090159167942,491.954384271574,488.767541449843,536.683124625112
"Average",269.192584652746,284.149783483479,302.691976605188,439.096272845429,285.799113725647,284.149783483479,302.691976605187
