"treatment_id","N_aic","CO_aic","A_aic","BA_aic","CP_aic","DA_aic","S_aic"
"2020And089_1",647.613472544326,627.249874321642,669.578230827607,2526.57169261025,4822.51912874882,627.249874321642,669.578230827607
"2020And089_2",644.759311169171,623.342755179362,650.668518173919,2692.49968258364,4200.89058282044,623.342755179362,650.668518173919
"Average",646.186391856749,625.296314750502,660.123374500763,2609.53568759695,4511.70485578463,625.296314750502,660.123374500763
